firstNamePut,lastNamePut,usernamePut,test.phone.number_auto,test.ssn
Jemima,Harroway,jharroway0,974-817-0970,4064678311
Reine,Clemanceau,rclemanceau1,547-594-7520,9830398137
Alon,Erdes,aerdes2,265-117-5721,2377558186
Amabel,Shelly,ashelly3,878-156-0735,2541277849
Godwin,Skpsey,gskpsey4,200-456-0932,8045134089
Constanta,Summergill,csummergill5,678-653-4875,3212026391
Evy,Donke,edonke6,690-360-8505,3834422851
Mariejeanne,Rudyard,mrudyard7,934-301-7531,3043907132
Christian,Ortsmann,cortsmann8,535-727-6765,4931816517
Delmar,Emett,demett9,792-904-5168,6631490944
Misti,Finder,mfindera,296-327-1108,3862533212
Lothaire,Humberstone,lhumberstoneb,201-334-7956,1860116523
Tybalt,Krysztowczyk,tkrysztowczykc,932-942-8871,8981072426
Cori,Coltherd,ccoltherdd,905-247-6927,7168036653
Christyna,Crosi,ccrosie,722-239-1341,9554929781
Mendy,Gothrup,mgothrupf,474-104-6874,6655334020
Zoe,Lowthorpe,zlowthorpeg,864-220-3059,7196065093
Halimeda,Sturdy,hsturdyh,782-323-9365,1693351374
Gretna,Johnston,gjohnstoni,337-175-9063,4261631679
Sydney,Rawsen,srawsenj,763-484-0941,3805066856
Minette,Bartleman,mbartlemank,288-409-9201,3174617685
Ailey,Baumford,abaumfordl,606-760-2565,8367013360
Gunther,Pagett,gpagettm,581-395-7628,2347102303
Evangelia,Yexley,eyexleyn,635-743-3592,3709861519
Merline,Wormleighton,mwormleightono,934-243-8578,1622893654
Zebulen,Doward,zdowardp,859-605-3472,6895483268
Sayre,MacHostie,smachostieq,381-253-9875,1826742581
Ibbie,Plimmer,iplimmerr,889-533-7004,5371695834
Emilie,Shellard,eshellards,792-495-1800,8825034237
Redford,Bennedick,rbennedickt,222-698-7964,7198492851
Glyn,Stiffell,gstiffellu,717-429-7973,0780429168
Oralee,Rafter,orafterv,371-870-3974,8673715164
Drusy,Gilmour,dgilmourw,416-308-4261,9307172781
Steven,Marskell,smarskellx,506-369-4926,6455867351
Caterina,Annand,cannandy,106-248-1936,9199055724
Clevey,Whanstall,cwhanstallz,460-111-6860,0969830378
Haskel,Baise,hbaise10,702-857-1418,3802871588
Andrej,Grabeham,agrabeham11,822-862-6246,4437124561
Bella,Maddaford,bmaddaford12,254-287-2587,2684980373
Marsiella,Croizier,mcroizier13,596-373-4681,5374388835
Germana,Oneill,goneill14,910-934-6082,5233481014
Norine,Wenger,nwenger15,475-639-9229,3566620947
Vanni,Drakeley,vdrakeley16,323-290-3294,4911976004
Nadia,Ringer,nringer17,371-410-3508,5872900678
Prudy,Dinsey,pdinsey18,719-672-7486,5692743736
Brynna,Kellock,bkellock19,706-474-9558,9246622855
Dominga,Whife,dwhife1a,755-469-5543,9922496011
Hayes,Kier,hkier1b,720-659-2478,5525968754
Lamar,O'Neill,loneill1c,163-301-0326,2431677931
Joshua,Dalgarnocht,jdalgarnocht1d,502-960-7556,7019503357
